insert into attendance.roles (id, name, created_at, updated_at)
values  (1, 'admin', '2021-01-26 08:07:56', '2021-01-26 08:07:56'),
        (2, 'teacher', '2021-01-26 08:09:44', '2021-01-26 08:09:44'),
        (3, 'user', '2021-01-26 08:09:44', '2021-01-26 08:09:44'),
        (4, 'student', '2021-01-26 08:09:44', '2021-01-26 08:09:44'),
        (5, 'authority', '2021-01-26 08:09:44', '2021-01-26 08:09:44');

insert into attendance.users (id, first_name, last_name, gender, email, password, role_id, phone, created_at, updated_at)
values (1, 'Md.', 'Shohag', 'male', 'shohag.fks@gmail.com', 'shohag', 1, '01776179924', '2021-01-26 08:16:09', '2021-01-26 08:16:09');

insert into attendance.sections (id, name, description, created_by, updated_by, created_at, updated_at)
values  (1, 'CSE144.1', 'CSE weekend batch', 1, 1, '2021-01-26 08:18:51', '2021-01-26 08:18:51'),
        (2, 'EEE343.5', 'CSE regular batch', 1, 1, '2021-01-26 08:19:24', '2021-01-26 08:19:24'),
        (3, 'SOC434.3', 'Engineering ethics', 1, 1, '2021-01-26 08:19:53', '2021-01-26 08:19:53');

insert into attendance.attendances (id, section_id, student_id, student_name, phone, email, created_by, updated_by, created_at, updated_at)
values  (1, 1, 2019000010038, 'Md. Shohag', '01776179924', '2019000010038@seu.edu.bd', 1, 1, '2021-01-26 08:23:55', '2021-01-26 08:23:55'),
        (2, 2, 2019000010038, 'Md. Shohag', '01776179924', '2019000010038@seu.edu.bd', 1, 1, '2021-01-26 08:23:55', '2021-01-26 08:23:55'),
        (3, 1, 2019000010038, 'Md. Shohag', '01776179924', '2019000010038@seu.edu.bd', 1, 1, '2021-01-26 08:23:55', '2021-01-26 08:23:55'),
        (4, 1, 2019000010038, 'Md. Shohag', '01776179924', '2019000010038@seu.edu.bd', 1, 1, '2021-01-26 08:23:55', '2021-01-26 08:23:55'),
        (5, 1, 2019000010038, 'Md. Shohag', '01776179924', '2019000010038@seu.edu.bd', 1, 1, '2021-01-26 08:23:55', '2021-01-26 08:23:55'),
        (6, 3, 2019000010038, 'Md. Shohag', '01776179924', '2019000010038@seu.edu.bd', 1, 1, '2021-01-26 08:23:55', '2021-01-26 08:23:55'),
        (7, 1, 2019000010038, 'Md. Shohag', '01776179924', '2019000010038@seu.edu.bd', 1, 1, '2021-01-26 08:23:55', '2021-01-26 08:23:55'),
        (8, 1, 2019000010038, 'Md. Shohag', '01776179924', '2019000010038@seu.edu.bd', 1, 1, '2021-01-26 08:23:55', '2021-01-26 08:23:55'),
        (9, 1, 2019000010038, 'Md. Shohag', '01776179924', '2019000010038@seu.edu.bd', 1, 1, '2021-01-26 08:23:55', '2021-01-26 08:23:55'),
        (10, 1, 2019000010038, 'Md. Shohag', '01776179924', '2019000010038@seu.edu.bd', 1, 1, '2021-01-26 08:23:55', '2021-01-26 08:23:55'),
        (11, 1, 2019000010038, 'Md. Shohag', '01776179924', '2019000010038@seu.edu.bd', 1, 1, '2021-01-26 08:23:55', '2021-01-26 08:23:55'),
        (12, 1, 2019000010038, 'Md. Shohag', '01776179924', '2019000010038@seu.edu.bd', 1, 1, '2021-01-26 08:23:55', '2021-01-26 08:23:55'),
        (13, 1, 2019000010038, 'Md. Shohag', '01776179924', '2019000010038@seu.edu.bd', 1, 1, '2021-01-26 08:23:55', '2021-01-26 08:23:55'),
        (14, 1, 2019000010038, 'Md. Shohag', '01776179924', '2019000010038@seu.edu.bd', 1, 1, '2021-01-26 08:23:55', '2021-01-26 08:23:55'),
        (15, 1, 2019000010038, 'Md. Shohag', '01776179924', '2019000010038@seu.edu.bd', 1, 1, '2021-01-26 08:23:55', '2021-01-26 08:23:55'),
        (16, 1, 2019000010038, 'Md. Shohag', '01776179924', '2019000010038@seu.edu.bd', 1, 1, '2021-01-26 08:23:55', '2021-01-26 08:23:55'),
        (17, 1, 2019000010038, 'Md. Shohag', '01776179924', '2019000010038@seu.edu.bd', 1, 1, '2021-01-26 08:23:55', '2021-01-26 08:23:55'),
        (18, 1, 2019000010038, 'Md. Shohag', '01776179924', '2019000010038@seu.edu.bd', 1, 1, '2021-01-26 08:23:55', '2021-01-26 08:23:55'),
        (19, 1, 2019000010038, 'Md. Shohag', '01776179924', '2019000010038@seu.edu.bd', 1, 1, '2021-01-26 08:23:55', '2021-01-26 08:23:55'),
        (20, 1, 2019000010038, 'Md. Shohag', '01776179924', '2019000010038@seu.edu.bd', 1, 1, '2021-01-26 08:23:55', '2021-01-26 08:23:55'),
        (21, 1, 2019000010038, 'Md. Shohag', '01776179924', '2019000010038@seu.edu.bd', 1, 1, '2021-01-26 08:23:55', '2021-01-26 08:23:55'),
        (22, 1, 2019000010038, 'Md. Shohag', '01776179924', '2019000010038@seu.edu.bd', 1, 1, '2021-01-26 08:23:55', '2021-01-26 08:23:55'),
        (23, 2, 2019000010038, 'Md. Shohag', '01776179924', '2019000010038@seu.edu.bd', 1, 1, '2021-01-26 08:23:55', '2021-01-26 08:23:55'),
        (24, 1, 2019000010038, 'Md. Shohag', '01776179924', '2019000010038@seu.edu.bd', 1, 1, '2021-01-26 08:23:55', '2021-01-26 08:23:55'),
        (25, 1, 2019000010038, 'Md. Shohag', '01776179924', '2019000010038@seu.edu.bd', 1, 1, '2021-01-26 08:23:55', '2021-01-26 08:23:55'),
        (26, 1, 2019000010038, 'Md. Shohag', '01776179924', '2019000010038@seu.edu.bd', 1, 1, '2021-01-26 08:23:55', '2021-01-26 08:23:55'),
        (27, 1, 2019000010038, 'Md. Shohag', '01776179924', '2019000010038@seu.edu.bd', 1, 1, '2021-01-26 08:23:55', '2021-01-26 08:23:55'),
        (28, 1, 2019000010038, 'Md. Shohag', '01776179924', '2019000010038@seu.edu.bd', 1, 1, '2021-01-26 08:23:55', '2021-01-26 08:23:55'),
        (29, 1, 2019000010038, 'Md. Shohag', '01776179924', '2019000010038@seu.edu.bd', 1, 1, '2021-01-26 08:23:55', '2021-01-26 08:23:55'),
        (30, 1, 2019000010038, 'Md. Shohag', '01776179924', '2019000010038@seu.edu.bd', 1, 1, '2021-01-26 08:23:55', '2021-01-26 08:23:55'),
        (31, 1, 2019000010038, 'Md. Shohag', '01776179924', '2019000010038@seu.edu.bd', 1, 1, '2021-01-26 08:23:55', '2021-01-26 08:23:55'),
        (32, 1, 2019000010038, 'Md. Shohag', '01776179924', '2019000010038@seu.edu.bd', 1, 1, '2021-01-26 08:23:55', '2021-01-26 08:23:55'),
        (33, 1, 2019000010038, 'Md. Shohag', '01776179924', '2019000010038@seu.edu.bd', 1, 1, '2021-01-26 08:23:55', '2021-01-26 08:23:55'),
        (34, 1, 2019000010038, 'Md. Shohag', '01776179924', '2019000010038@seu.edu.bd', 1, 1, '2021-01-26 08:23:55', '2021-01-26 08:23:55'),
        (35, 1, 2019000010038, 'Md. Shohag', '01776179924', '2019000010038@seu.edu.bd', 1, 1, '2021-01-26 08:23:55', '2021-01-26 08:23:55'),
        (36, 1, 2019000010038, 'Md. Shohag', '01776179924', '2019000010038@seu.edu.bd', 1, 1, '2021-01-26 08:23:55', '2021-01-26 08:23:55'),
        (37, 1, 2019000010038, 'Md. Shohag', '01776179924', '2019000010038@seu.edu.bd', 1, 1, '2021-01-26 08:23:55', '2021-01-26 08:23:55'),
        (38, 1, 2019000010038, 'Md. Shohag', '01776179924', '2019000010038@seu.edu.bd', 1, 1, '2021-01-26 08:23:55', '2021-01-26 08:23:55'),
        (39, 1, 2019000010038, 'Md. Shohag', '01776179924', '2019000010038@seu.edu.bd', 1, 1, '2021-01-26 08:23:55', '2021-01-26 08:23:55'),
        (40, 3, 2019000010038, 'Md. Shohag', '01776179924', '2019000010038@seu.edu.bd', 1, 1, '2021-01-26 08:23:55', '2021-01-26 08:23:55'),
        (41, 1, 2019000010038, 'Md. Shohag', '01776179924', '2019000010038@seu.edu.bd', 1, 1, '2021-01-26 08:23:55', '2021-01-26 08:23:55'),
        (42, 1, 2019000010038, 'Md. Shohag', '01776179924', '2019000010038@seu.edu.bd', 1, 1, '2021-01-26 08:23:55', '2021-01-26 08:23:55'),
        (43, 1, 2019000010038, 'Md. Shohag', '01776179924', '2019000010038@seu.edu.bd', 1, 1, '2021-01-26 08:23:55', '2021-01-26 08:23:55'),
        (44, 1, 2019000010038, 'Md. Shohag', '01776179924', '2019000010038@seu.edu.bd', 1, 1, '2021-01-26 08:23:55', '2021-01-26 08:23:55'),
        (45, 1, 2019000010038, 'Md. Shohag', '01776179924', '2019000010038@seu.edu.bd', 1, 1, '2021-01-26 08:23:55', '2021-01-26 08:23:55'),
        (46, 1, 2019000010038, 'Md. Shohag', '01776179924', '2019000010038@seu.edu.bd', 1, 1, '2021-01-26 08:23:55', '2021-01-26 08:23:55'),
        (47, 1, 2019000010038, 'Md. Shohag', '01776179924', '2019000010038@seu.edu.bd', 1, 1, '2021-01-26 08:23:55', '2021-01-26 08:23:55'),
        (48, 1, 2019000010038, 'Md. Shohag', '01776179924', '2019000010038@seu.edu.bd', 1, 1, '2021-01-26 08:23:55', '2021-01-26 08:23:55'),
        (49, 1, 2019000010038, 'Md. Shohag', '01776179924', '2019000010038@seu.edu.bd', 1, 1, '2021-01-26 08:23:55', '2021-01-26 08:23:55'),
        (50, 1, 2019000010038, 'Md. Shohag', '01776179924', '2019000010038@seu.edu.bd', 1, 1, '2021-01-26 08:23:55', '2021-01-26 08:23:55'),
        (51, 1, 2019000010038, 'Md. Shohag', '01776179924', '2019000010038@seu.edu.bd', 1, 1, '2021-01-26 08:23:55', '2021-01-26 08:23:55'),
        (52, 1, 2019000010038, 'Md. Shohag', '01776179924', '2019000010038@seu.edu.bd', 1, 1, '2021-01-26 08:23:55', '2021-01-26 08:23:55'),
        (53, 1, 2019000010038, 'Md. Shohag', '01776179924', '2019000010038@seu.edu.bd', 1, 1, '2021-01-26 08:23:55', '2021-01-26 08:23:55'),
        (54, 1, 2019000010038, 'Md. Shohag', '01776179924', '2019000010038@seu.edu.bd', 1, 1, '2021-01-26 08:23:55', '2021-01-26 08:23:55'),
        (55, 1, 2019000010038, 'Md. Shohag', '01776179924', '2019000010038@seu.edu.bd', 1, 1, '2021-01-26 08:23:55', '2021-01-26 08:23:55'),
        (56, 1, 2019000010038, 'Md. Shohag', '01776179924', '2019000010038@seu.edu.bd', 1, 1, '2021-01-26 08:23:55', '2021-01-26 08:23:55'),
        (57, 1, 2019000010038, 'Md. Shohag', '01776179924', '2019000010038@seu.edu.bd', 1, 1, '2021-01-26 08:23:55', '2021-01-26 08:23:55'),
        (58, 1, 2019000010038, 'Md. Shohag', '01776179924', '2019000010038@seu.edu.bd', 1, 1, '2021-01-26 08:23:55', '2021-01-26 08:23:55'),
        (59, 1, 2019000010038, 'Md. Shohag', '01776179924', '2019000010038@seu.edu.bd', 1, 1, '2021-01-26 08:23:55', '2021-01-26 08:23:55'),
        (60, 1, 2019000010038, 'Md. Shohag', '01776179924', '2019000010038@seu.edu.bd', 1, 1, '2021-01-26 08:23:55', '2021-01-26 08:23:55'),
        (61, 1, 2019000010038, 'Md. Shohag', '01776179924', '2019000010038@seu.edu.bd', 1, 1, '2021-01-26 08:23:55', '2021-01-26 08:23:55'),
        (62, 1, 2019000010038, 'Md. Shohag', '01776179924', '2019000010038@seu.edu.bd', 1, 1, '2021-01-26 08:23:55', '2021-01-26 08:23:55'),
        (63, 1, 2019000010038, 'Md. Shohag', '01776179924', '2019000010038@seu.edu.bd', 1, 1, '2021-01-26 08:23:55', '2021-01-26 08:23:55'),
        (64, 2, 2019000010038, 'Md. Shohag', '01776179924', '2019000010038@seu.edu.bd', 1, 1, '2021-01-26 08:23:55', '2021-01-26 08:23:55'),
        (65, 1, 2019000010038, 'Md. Shohag', '01776179924', '2019000010038@seu.edu.bd', 1, 1, '2021-01-26 08:23:55', '2021-01-26 08:23:55'),
        (66, 1, 2019000010038, 'Md. Shohag', '01776179924', '2019000010038@seu.edu.bd', 1, 1, '2021-01-26 08:23:55', '2021-01-26 08:23:55'),
        (67, 1, 2019000010038, 'Md. Shohag', '01776179924', '2019000010038@seu.edu.bd', 1, 1, '2021-01-26 08:23:55', '2021-01-26 08:23:55'),
        (68, 1, 2019000010038, 'Md. Shohag', '01776179924', '2019000010038@seu.edu.bd', 1, 1, '2021-01-26 08:23:55', '2021-01-26 08:23:55'),
        (69, 1, 2019000010038, 'Md. Shohag', '01776179924', '2019000010038@seu.edu.bd', 1, 1, '2021-01-26 08:23:55', '2021-01-26 08:23:55'),
        (70, 1, 2019000010038, 'Md. Shohag', '01776179924', '2019000010038@seu.edu.bd', 1, 1, '2021-01-26 08:23:55', '2021-01-26 08:23:55'),
        (71, 1, 2019000010038, 'Md. Shohag', '01776179924', '2019000010038@seu.edu.bd', 1, 1, '2021-01-26 08:23:55', '2021-01-26 08:23:55'),
        (72, 1, 2019000010038, 'Md. Shohag', '01776179924', '2019000010038@seu.edu.bd', 1, 1, '2021-01-26 08:23:55', '2021-01-26 08:23:55');